编号,研究优先级,渠道等级,对象,地区,类型,公开事实摘要,待验证问题,建议首个动作,可能服务,公开联系入口,主要来源,当前状态,调查日期
A-01,A,A,サヌイ織物／博多織工芸館,福冈市西区,博多织展示与体验,公开工房参观/展示/销售/手织体验且微型巴士以上团体有预约及七日前车辆手续,中文使用者是否在交通体验团体手续和现场流程上重复咨询,只保留研究草稿不进发送队列,O-01后视证据进入O-02,info@sanui-orimono.co.jp,https://www.sanui-orimono.co.jp/gallery/,未联系/未验证/非客户,2026-08-22
A-02,A,BLOCK,博多人形会館 松月堂,福冈市博多区,博多人形销售与绘付体验,绘付体验每体2530日元起约1小时且10人以上团体需提前联系并可海外发货,中文客人在预约人形选择时长携带或寄送上是否有重复问题,只作公开研究不外联,不适用,https://shogetudo.jp/contact/,https://shogetudo.jp/painting/,BLOCK/未联系/未验证/非客户,2026-08-21
A-03,A,BLOCK,牛島製茶,八女市,茶制造零售与工厂参观,官网已有多路线价格季节停办预约时限拍摄和团体规则并提供日英说明,是否实际收到中文预约且哪些规则仍需人工反复解释,BLOCK：只作公开研究不外联,不适用,不适用,https://www.yame.co.jp/factory-tour.html,BLOCK/未联系/未验证/非客户；业务链接终点限定茶叶销售批发；不绕行,2026-08-22
A-04,A,BLOCK,茶の蔵 八女本店,八女市,茶生产零售喫茶与玉露体验,公开门店电商和传统本玉露すすり茶体验信息,中文客人是否理解体验方式时长到店条件和购买路径,只作公开研究不外联,不适用,https://www.chanokurayame.com/contact,https://www.chanokurayame.com/,BLOCK/未联系/未验证/非客户,2026-08-21
A-05,A,A,株式会社高山,长崎县波佐见町,陶瓷制造工厂参观与体验,官网区分OEM制造设备工厂参观和体验且当前标记参观体验受付中,预约人数邮寄语言或自由参观与导览差别中是否有一项需反复说明,只保留人工渠道研究不进发送队列,O-01条件式,https://www.takayama-hasami.com/contact-us,https://www.takayama-hasami.com/,未联系/未验证/非客户,2026-08-22
A-06,A,BLOCK,幸楽窯／徳永陶磁器株式会社,佐贺县有田町,窑厂工厂参观与陶瓷寻宝体验,公开两种套餐90分钟共用篮筐国内邮寄限制分时段接待及工厂参观条件,现有多语言信息是否足够以及哪条规则仍需人工解释,BLOCK：商品共同开发和预约媒体入口不得用于服务推介,不适用,不适用,https://kouraku.jp.net/inquiry/,BLOCK/未联系/未验证/非客户；只作反例研究,2026-08-22
A-07,A,BLOCK,二丈岳のふもと,福冈县糸岛市,一栋出租住宿,官网区分住宿预约住宿咨询取材咨询及多种交通信息,入口分散是否造成非日语客人重复确认且中文咨询是否存在,只作公开研究不外联,不适用,info-itoshima@local3rd-place.jp,https://nijodakeno-fumoto.jp/,BLOCK/未联系/未验证/非客户,2026-08-22
A-08,A,BLOCK,羊毛けだまkana,福冈市,羊毛毡制作体验课程与活动,官网公开多个会场时长费用和Web LINE SNS预约路径并接受工作委托,会场日程或预约渠道是否让非日语参加者重复询问,只作公开研究不外联,不适用,https://kana2015.mystrikingly.com/,https://kana2015.mystrikingly.com/,BLOCK/未联系/未验证/非客户,2026-08-22
B-01,B,BLOCK,博多曲物 玉樹,糟屋郡志免町,博多曲物制作与销售,官方企业及旅游页面公开产品工房位置营业时间和电话,访客是否需要产品用途保养购买工房访问或文化背景的中文说明,补充公开研究不外联,不适用,https://magemono.com/about,https://www.crossroadfukuoka.jp/spot/10382,BLOCK/未联系/未验证/非客户,2026-08-21
B-02,B,BLOCK,后藤博多人形,春日市,博多人形与博多织电商,官网展示商品价格付款与企业联系信息,中国语顾客在文化背景选品支付配送或售后是否有购买障碍,补充公开研究不外联,不适用,https://www.hakata-doll.co.jp/,https://www.hakata-doll.co.jp/,BLOCK/未联系/未验证/非客户,2026-08-21
B-03,B,BLOCK,増屋 川端本店,福冈市博多区,传统工艺品实体零售,官网公开门店Instagram和电话且商店街介绍显示店内摄影有规则,中国游客在选品工艺差异拍摄支付或携带上是否需要更清楚说明,补充公开研究不外联,不适用,https://hakata-masuya.com/company/,https://hakata-masuya.com/company/,BLOCK/未联系/未验证/非客户,2026-08-21
B-04,B,BLOCK,矢部屋 許斐本家／このみ園,八女市,八女茶门店与电商,官网列出企业门店电商通用邮箱和营业信息,中国消费者在茶类别冲泡礼品门店访问或跨境咨询上是否有阻塞,补充公开研究不外联,不适用,info@konomien.jp,https://www.konomien.jp/shop/abouts/,BLOCK/未联系/未验证/非客户,2026-08-21
B-05,B,BLOCK,星野製茶園,八女市星野村,茶生产门店与电商,官网公开企业零售与联系信息且当前注明新规批发暂缓,只验证访客或消费者信息需求不以新批发合作切入,补充公开研究不外联,不适用,https://www.hoshitea.com/contact,https://www.hoshitea.com/contact,BLOCK/未联系/未验证/非客户,2026-08-21
B-06,B,A,うきはの宝株式会社／ばあちゃん喫茶,福冈县浮羽市福冈市春日市,地域餐饮与社区事业,官网公开多门店营业预约及视察演讲取材企业团体咨询入口,哪项来店信息最常需向首次到访非日语顾客重复说明,只保留人工渠道研究不进发送队列,O-01条件式,https://ukihanotakara.com/contact/,https://ukihanotakara.com/about/,未联系/未验证/非客户,2026-08-22
B-07,B,A,銀のすぷーん,福冈县久留米市福冈市,地方西点零售三家门店,官网公开多店商品预订信息且表单含商品媒体招聘其他类别,门店选择取货提前期和商品信息中哪项产生重复咨询,只保留人工渠道研究不进发送队列,O-01条件式,https://g-spoon.co.jp/contact/,https://g-spoon.co.jp/access/,未联系/未验证/非客户,2026-08-22
B-08,B,BLOCK,株式会社源右衛門窯,佐贺县有田町,陶瓷制造展示销售与工厂参观,Contact页虽有法人协业分类但网站使用条款明确禁止营业活动或以营利为目的行为及其准备,仅保留作成熟企业反例研究不外联,BLOCK：不发送不提交表单不绕行,不适用,https://www.gen-emon.co.jp/sitepolicy/,https://www.gen-emon.co.jp/contact/,BLOCK/未联系/未验证/非客户,2026-08-22
B-09,B,BLOCK,株式会社マルヒロ／HIROPPA,长崎县波佐见町,陶瓷零售公园活动与文化空间,新规交易表单和For Business均限定商品进货流通OEM且HIROPPA一般表单用于一般咨询活动预约,设施开放停车交通和入口中哪项最易产生到访前确认,BLOCK：只作国际化成熟品牌反例研究不外联,不适用,不适用,https://www.hasamiyaki.jp/contact/,BLOCK/未联系/未验证/非客户；不使用交易媒体一般预约入口,2026-08-22
C-01,C,BLOCK,NIPPONIA HOTEL 八女福島 商家町,八女市,住宿与文化体验运营,官网已有多种预约制体验且茶试饮公开日期价格提前6天截止与确认流程,是否存在互补合作价值而非假定其缺少基础信息,作为体验商品化参照不外联,渠道研究,https://www.yame-fukushimastay.com/,https://www.yame-fukushimastay.com/activities/yame-tasting/,BLOCK/未联系/未验证/非客户,2026-08-21
C-02,C,BLOCK,はかた伝統工芸館／博多人形商工業協同組合,福冈市,行业与公共入口,公开工艺销售店名单体验信息及行业联系入口,是否能帮助理解行业共同问题或在获许可后介绍访谈对象,先研究不直接当作付费客户,渠道研究,https://hakata-dentou-kougeikan.jp/shoplist/,https://www.hakataningyo.or.jp/shop/,BLOCK/未联系/未验证/非客户,2026-08-21
N-01,A,S,LIVLABO,福冈市中央区大名,现场音乐活动与文化空间,官网持续公开2026活动且联系页明确接受取材合作等各种咨询,海外或中文使用者是否在入场时间票务拍摄或场地规则上重复咨询,补齐硬门并完成逐封预览批准后才可进入发送前复核,O-01条件式,https://livlabo.com/contact/,https://livlabo.com/,唯一S/第一候选/尚未进入发送前复核/未联系/未验证/非客户/发送数0,2026-08-22
N-02,A,A,THE FLAVOR DESIGN®,福冈市中央区大名,定制香氛体验与零售,法人企业表单接受新规取扱合作活动和其他咨询但隐私政策主要围绕预约购买,法人表单数据用途是否覆盖服务供应商提案,只做下一轮人工渠道复核不进发送队列,O-01条件式,https://www.theflavordesign.com/faq/contact-company/,https://www.theflavordesign.com/store/fukuoka/,渠道A/未联系/未验证/非客户/不自动递补,2026-08-22
N-03,C,A,福マルシェ,福冈市,地方生产者城市市集与地域文化活动,企业自治体入口招募合作赞助等伙伴,合作入口是否仅适用于联名赞助出店或共同活动,只作合作模式研究不进发送队列,渠道研究,https://fuku-marche.com/business/,https://fuku-marche.com/about/,渠道A/未联系/未验证/非客户/不自动递补,2026-08-22
N-04,B,A,九州ダンボール／KDP,福冈县筑后市,包装企划制造及创意纸板应用,官网表单接受取材和工作咨询并要求真实所属单位信息,与文化体验来店信息服务的客户契合是否足够,只作客户契合研究不进发送队列,渠道研究,https://kyudan.co.jp/contact-work/,https://kyudan.co.jp/,渠道A/未联系/未验证/非客户/不自动递补,2026-08-22
